lei,name
549300ZOBXG0DT4I6U54,"1ST 2ND MORTGAGE COMPANY OF N.J., INC."
254900Q9V3DYHBRTUH61,1st National Bank
549300MIDG4TRYO5ON35,"1ST RELIANT HOME LOANS, INC."
5493003T5D4N1CM46J77,1st Security Bank of Washington
549300XQVJ1XBNFA5536,21ST MORTGAGE CORPORATION
549300IJHNLS0J1YJW64,5 ARCH FUNDING CORP.
549300NLJI4QKZ3D0G94,"5TH STREET CAPITAL, INC."
549300O4KTZGM04CCZ47,Abbott Laboratories Employees Credit Union
549300LP0CV2MNC1GV68,"Academy Bank, National Association"
549300WTZMQSET2VY242,ACADEMY MORTGAGE CORPORATION
549300JHSXRPXKX47M78,"ACCELERATE MORTGAGE, LLC"
5493009PLGT79KQ6HO15,Access Bank
549300TJGBPVMBWV5P74,Admirals Bank
549300I1HK1BBZLKOB84,ADVANCIAL
549300EWGL0JGA62YY67,ADVANTAGE PLUS
254900MNIT450KPDA114,ADVANTIS
254900F9ZTVTX763V835,"Advisors Mortgage Group, L.L.C."
5493004CZUGDTDC6QB68,AEROSPACE FEDERAL CREDIT UNION
549300KST6N97GYH0O45,"Affiliated Bank, National Association"
5493004UNRG4PWDF2K60,AFFINITY
MMO6VV34TNP4Z1T8NG83,AgFirst Farm Credit Bank
254900JZN2V0PWFMW808,AHL FUNDING
549300ELXS6PBT8OEE44,AIR ACADEMY
5493000OM9RKJW8W5K82,ALAMEDA MORTGAGE CORPORATION
549300DK7QID2ZON6Q55,Alaska USA Federal Credit Union
549300LQJS5UF0000H97,Alaska USA Mortgage Company LLC
549300C4J510S9L1RF98,"Alerus Financial, National Association"
5493007BX4I89K17ZM64,"ALL REVERSE MORTGAGE, INC."
549300D0TGZMG03GNM36,"ALL WESTERN MORTGAGE, INC."
549300T94GSH3C4U5M59,ALLIANT CREDIT UNION
549300XRF9LCZ3RX3Q39,"Allied First Bank,sb"
549300RYWXR8TL5LIK35,"ALLIED MORTGAGE GROUP, INC."
5493003TK1BAOHHL6S92,ALLTRU Federal Credit Union
549300C04BJ0G297NC13,Ally Bank
254900UO8HSLT3L5XF84,Altabank
549300A0SVCQJPHVGV20,ALTRA
254900FMBXF85WQYV433,Amalgamated Bank
549300ONBM4MGXXBTA44,"AMCAP MORTGAGE, LTD."
5493007I0X1GRWIU8B34,AMERICA FIRST
549300TINI6CL78UD591,AMERICAN ADVISORS GROUP
5493004RLLKTQS8K7U51,American Airlines Federal Credit Union
549300T03X096VF60C57,American Bank & Trust
549300AQ83ZR1PW5DB53,"American Bank and Trust Company, National Association"
549300BRSSSUNB0U6552,"American Bank, National Association"
549300I3HDJ5QJNFPZ87,AMERICAN FINANCE HOUSE LARIBA
5493008NWHQT1R22C024,"AMERICAN FINANCIAL NETWORK, INC."
5493002B2WMHY23GFK92,"AMERICAN FINANCIAL RESOURCES, INC."
549300ALNLUNS3Y53T24,AMERICAN FINANCING CORPORATION
549300GIVX5W7UETD809,AMERICAN FIRST
549300Z0ZUTDURG4KA31,"AMERICAN HERITAGE CAPITAL, L.P."
549300ZPSJZO10ZAX556,"AMERICAN HERITAGE LENDING, INC."
549300QRLVIA94OVXY15,"AMERICAN HOMESTAR MORTGAGE, L.L.C."
549300BOXNV8VLRBDT24,"AMERICAN INTERNET MORTGAGE, INC."
254900EOYK0UXLROBX92,American Mortgage and Insurance Inc.
549300WKXTUY0SWZNZ90,"AMERICAN NATIONWIDE MORTGAGE COMPANY, INC."
549300F8C5JA44WNMI75,AMERICAN NEIGHBORHOOD MORTGAGE ACCEPTANCE COMPANY LLC
549300KIOYNU323LVJ37,AMERICAN PACIFIC MORTGAGE CORPORATION
549300BBKMRS6J0CB539,AMERICAN PORTFOLIO MORTGAGE CORPORATION
549300SVLCM6NZQ53P14,"Amerifirst Financial, Inc."
254900HA4DQWAE0W3342,"AmeriHome Mortgage Company, LLC"
IUGPUX5LWRZ3B6KIZ697,Ameris Bank
549300YIQ7S7Z8PIHE53,AMERISAVE MORTGAGE CORPORATION
54930065B0NVUO52TY13,AmRes Corporation
549300O6Z0I6KYMESL47,AMWEST FUNDING CORP.
549300623VT8YKPHWM78,"ANCHOR LOANS, LP"
549300D2OYT7VTDY6Z20,ANDREWS FEDERAL CREDIT UNION
549300KSOOZZVXCMA627,ANGEL OAK MORTGAGE SOLUTIONS LLC
5493002QP2ONO47G5R24,APCI Federal Credit Union
549300WZWPMDWIL12842,Apex Bank
54930099BVD0E448JX38,Arbor Bank
549300E5018DD89WPX79,ARBOR FINANCIAL CREDIT UNION
549300ASFUWYQO0RW077,"Arbor Realty Trust, Inc."
54930048P8RWCQHQM310,ARC HOME LLC
549300V36YE6JCCEJB76,ARIZONA
5493001GDRY0EL7VG372,"ARK-LA-TEX FINANCIAL SERVICES, LLC."
5493007CLWQN2S6IZK91,"Armed Forces Bank, National Association"
COINQMNIM6RBU631DD85,Arvest Bank
5493007OXXFLNNHTW637,ASSEMBLIES OF GOD Credit Union
254900ZX1UPIG2E7TH11,"Assurance Financial Group, L.L.C."
549300EHQ0Y7SP41BR91,"ATHAS CAPITAL GROUP, INC."
549300JGK6WNKYXQ0821,ATLANTA POSTAL
549300ZTT08EKQRVTR15,Atlantic Union Bank
549300KCWMM5PJHWO653,"AURGROUP FINANCIAL CREDIT UNION, INC."
549300S93XI20FLTGK89,"Aurora Financial, LLC"
549300DRKDRXN7POBN12,Austin Capital Bank SSB
5493006TY8FGNLX44X28,"AXIA FINANCIAL, LLC"
254900FIT283V26LD641,"Axiom Bank, N.A."
2549009X2AG1P20YAJ63,Axos Bank
2549009AOX259OY87H37,Baker Boyer National Bank
Q7C315HKI8VX0SSKBS64,BancorpSouth Bank
HIDXEG9BLUJZKBGUT764,Bank-Fund Staff Federal Credit Union
254900DTLB5WWMBJAD86,Bank Five Nine
549300NDNZ6EWP8BJI88,Bank Iowa
B4TYDEB6GKMZO031MB27,"Bank of America, National Association"
5493002Z2Z7DV758IU60,Bank of Clarke County
549300GY4NTTEM7WWB64,Bank of England
XJCRTTYJVBMA22IXL619,Bank of Hawaii
549300F570XAWYN8Z237,Bank of Hope
549300SE6YAYK0PZZR74,Bank of Idaho
549300S8CJG5MSY8BH57,BANK OF LITTLE ROCK MORTGAGE CORPORATION
549300XAJENHWRM32Z86,Bank of Springfield
549300MP3KK77THHQT36,Bank of the Pacific
QOT5WN9RBKQTFRVKEV31,Bank of the West
549300NNL9H573MWO110,Bank of Utah
54930044G6TGPFFTFM49,Bank of Washington
549300Q4JBLTKDC7J303,"Bank of Whittier, National Association"
II61D6IY86YZ37HBBL25,Bankers Trust Company
WE0I402RW25AU38DTI13,Banner Bank
C398JSK21YCXWM603F55,"Barrington Bank & Trust Company, N.A."
549300S8SHBRCI7UU819,Baxter Credit Union
54930002O9LLXKR6TF11,BAY-VALLEY MORTGAGE GROUP
549300PL8ER6H23P0Z91,BAY EQUITY LLC
549300PEWJWBNEOSS013,"BAYSHORE MORTGAGE FUNDING, LLC"
C90VT034M03BN29IRA40,BBVA USA
549300G4JDIJPBEO8J84,BECKAM FUNDING CORP.
549300OHLAHJ10DFF198,BELEM SERVICING LLC
549300WYBPIWKK6SQC06,Bell Bank
549300RFPLMCMJL7BS81,"BELLWETHER ENTERPRISE REAL ESTATE CAPITAL, LLC"
549300GNIV169ZIHU012,BERKADIA COMMERCIAL MORTGAGE LLC
549300HINJH60UG3KG47,BERKELEY POINT CAPITAL LLC
549300CEGZGHVQG0OD32,BEST CAPITAL FUNDING
5493002UTIS7AQUDFF80,"BEST FINANCE CAPITAL, INC."
549300KTR1JGH3K6LU06,Bethpage Federal Credit Union
549300XY701IELCE5Q08,BETTER MORTGAGE CORPORATION
549300ILIUB22RTQKQ27,"BKCO MORTGAGE, LLC"
2549001R6R928Y08SC30,"Black Hills Community Bank, National Association"
549300M2Z8GR3VL0QQ74,BLACK HILLS FEDERAL CREDIT UNION
5493007WZXR2YE227I23,"Blue Ridge Bank, National Association"
549300AI4ZHB6MX23W09,"BLUELEAF LENDING, LLC"
54930091CYUK2SDZ6D37,"BM Real Estate Services, Inc."
549300LGE7I6F2K89769,BMI Federal Credit Union
3Y4U8VZURTYWI1W2K376,BMO Harris Bank National Association
549300LH06ZZHKPX5U83,BNC National Bank
4EP6JBYBTPTQ47LZOB67,"BNY Mellon, National Association"
549300KM40FP4MSQU941,Boeing Employees Credit Union
FU7RSW4CQQY98A2O7J66,"BOKF, National Association"
549300RZ68QC00DWOC19,BOURNS EMPLOYEES FEDERAL CREDIT UNION
RA4FKR1AA05ZK88M8034,Broadway National Bank
549300E2UX99HKDBR481,"BROKER SOLUTIONS, INC."
549300O7SGM8FH65GQ47,Busey Bank
254900KE9OJJUH139Q12,Byron Bank
549300CM7HYHZ1MEJ624,Cache Valley Bank
254900IO72BNE5PL8P26,"CALCAP Lending, LLC"
549300NFPC3Y4W3Y7R87,CALCON MUTUAL MORTGAGE LLC
549300T7TLOJ8X6X8T43,CALCULATED RISK ANALYTICS LLC
54930001GYIWKBD35H65,"Calhoun County Bank, Inc."
549300J7XKT2BI5WX213,"CALIBER HOME LOANS, INC."
254900JH47ETFGVNKS92,Call Federal Credit Union
54930035U7Q80J7HTS79,CAMPOS FINANCIAL CORP.
5493004KGZVI015KO609,CANOPY
549300ZWNETGFXTBBY03,"CANOPY MORTGAGE, LLC"
549300E3QJQLKVB40W93,CANVAS CREDIT UNION
54930044OSTKOJMHF287,"Capital Bank, National Association"
207ALC1P1YM0OVDV0K75,"Capital One, National Association"
5493008WOGGD8641UC13,"CAPSTONE DIRECT, INC."
549300VORTI31GZTJL53,"CARDINAL FINANCIAL COMPANY, LIMITED PARTNERSHIP"
549300R9S3MVDV4MGF56,"Carrington Mortgage Services, LLC"
549300CP7747DCRW6U68,Carrollton Bank
549300OTNSBY6RS8HU51,CASCADE FEDERAL CREDIT UNION
549300DU4JZVSGF3G964,Cashmere Valley Bank
549300JRDGV1559XM376,"CASTLE & COOKE MORTGAGE, LLC"
549300V1IRRYSYRSPU54,CASTPARTS EMPLOYEES
FT6J43S06X6CLJ0R0B48,Cathay Bank
549300IBT3SCF2K09D58,"CBRE MULTIFAMILY CAPITAL, INC."
549300OV8NE5ZPEPMF52,"CELEBRITY HOME LOANS, LLC"
549300BEFX6JRSCS5N78,Centennial Bank
5493001XZBZCQEIYKY53,"CENTER STREET LENDING VIII, LLC"
549300ZQKLX5VHD8E865,CENTRAL BANK OF ST. LOUIS
549300ZGCIDP1G72QO72,"Cf Bank, National Association"
549300INFJ8TYNZ1G568,"Charles Schwab Bank, SSB"
549300NWKILSNQAIG053,CHARTWAY FEDERAL CREDIT UNION
549300RBX56T2MW5HO19,"CHERRY CREEK MORTGAGE, LLC"
549300VVH8HHFMWL8536,CHEVRON
549300BNF25IPYUUCT31,"Chicago Financial Services, Inc."
254900HQK1GFTN5BRG15,Chicago Mortgage Solutions LLC
549300LIZH7VW4DFJK44,Chickasaw Community Bank
549300CG5TM73650DH84,Christian Community Credit Union
549300STXRPOVDJ5GX04,"CHU & ASSOCIATES, INC."
549300BLL6VL7AXWYP56,CHURCHILL MORTGAGE CORPORATION
FDXQ75GPEQKRPWABYN63,CIBC Bank USA
549300OSY236S7MBKO83,"CIS Financial Services, Inc."
FVPV0TNOIM6NUIE59530,"CIT Bank, National Association"
549300XOOL3OJTITCV30,CITADEL FEDERAL CREDIT UNION
254900E6AIE4Z8YQM970,Citadel Servicing Corporation
E57ODZWZ7FF32TWEFA76,"Citibank, National Association"
DRMSV1Q0EKMEXLAU1P80,"Citizens Bank, National Association"
549300YD7XJM19TH5O82,CITIZENS EQUITY FIRST
549300RM0VO0UBTMOZ05,Citizens National Bank of Greater St. Louis
549300VHBALPLHRR4080,City Bank
549300YPBBHUEKV1YC68,"CITY FIRST MORTGAGE SERVICES, L.L.C."
549300WHVRE44NRBU558,City Lending Inc.
593C3GZG957YOJPS2Z63,City National Bank
549300Q1WJSOIS2FON98,"CITYWIDE HOME LOANS, LLC"
5493006HWKBRUZIDS752,"CIVIC FINANCIAL SERVICES, LLC"
254900U7WUFP33SSQ460,Clackamas County Bank
549300BHPLBG0CXKTL06,Clearview Federal Credit Union
549300UL36AJZ0WZ4U93,Closing Mark Home Loans
549300GKFNPRWNS0GF29,"CMG MORTGAGE, INC."
5493000BIR9N6Y5KFV24,"CNB Bank And Trust, N.A."
549300EMNQ2QLOEPQ289,"Colonial Savings, F.A."
549300YBQQ97B6Y7LE69,"Colten Mortgage, LLC"
5493000D6RXLNBZQYA47,COLUMBIA COMMUNITY CREDIT UNION
0S8H5NJFLHEVJXVTQ413,Columbia State Bank
70WY0ID1N53Q4254VH70,Comerica Bank
7DMUJTL9FFTVIAG9H788,Commerce Bank
5493004AS1SPBQOFDR49,"Commerce Home Mortgage, Inc."
254900Y6EUNN0KGMJW67,Commercial Lender LLC
2549004W7ZN0N715U578,CommonWealth Central Credit Union
5493005F145IP6JL7314,Community First Bank
549300KR4ZW8KJC82O47,Community First National Bank
549300SWHFQY2F7RN335,"COMMUNITY MORTGAGE FUNDING, LLC"
5493002QRULT2T40BH09,COMMUNITYAMERICA
549300EWFHPBZH38K695,"COMPEER FINANCIAL, FLCA"
2549008CZOYIG4FIKS25,Congressional Bank
2549007AU24FVDMNUB40,Connexus Credit Union
254900VX7NAZSPBPUE16,"Constant Investments, Inc."
549300YMIOLU51FSTO86,"CONSTRUCTIVE LOANS, LLC"
5493004K0Z4RFJSPYT52,CONSUMERS COOPERATIVE CREDIT UNION
549300LLKEKXL2RM1F61,CONTOUR MORTGAGE CORPORATION
549300MQEDQYDJR8CP22,COREVEST AMERICAN FINANCE LENDER LLC
5493003LIT6MPMIF5W07,Cornerstone Bank
2549001SI0EMFPT39035,"Cornerstone First Mortgage, Inc"
549300CY7WNAHKHYSJ73,"CORNERSTONE HOME LENDING, INC."
54930001LYHHRVGJ6B97,Cornerstone National Bank & Trust Company
5493003DVQUF5HAI1O03,CORPORATE AMERICA FAMILY
5493009XSE00M8B9R434,"COUNTRYPLACE MORTGAGE, LTD."
549300W07W12OUENKR02,County National Bank
254900HIDMT4ZG09RP47,Credence Funding Corporation
549300Q3ROEQU3D1IW91,CREDIT HUMAN FEDERAL CREDIT UNION
549300DNWSJUNAWUM003,"CREDIT UNION MORTGAGE ASSOCIATION, INC."
5493008NQVB5ZOWYNU83,CREDIT UNION ONE
549300D214S3L7KZ0515,CRESCENT MORTGAGE COMPANY
5493001U0HWKEN6OLT59,Crestline Funding Corporation
549300VZVN841I2ILS84,"CROSSCOUNTRY MORTGAGE, LLC"
549300KJONXRDR2YPQ42,"CU HOME MORTGAGE SOLUTIONS, LLC"
254900XRQ4U9ABU6F580,D. L. Evans Bank
549300ZZME37MXI1EF14,"DAS Acquisition Company, LLC"
5493008E4KBJCB6UKR64,"DATA MORTGAGE, INC."
549300Y5Y88FQLI7VE83,DEEPHAVEN MORTGAGE LLC
254900378RFGMBEKAF12,Deere Employees Credit Union
549300S88V04SSPMA685,"DEFINE MORTGAGE SOLUTIONS, LLC"
549300U8E8RBG5YNMP39,DEPARTMENT OF COMMERCE
2549003ZYZM7FHPZV590,DEPARTMENT OF THE INTERIOR FEDERAL CREDIT UNION
254900FFZUXK3B729T97,Deseret First Credit Union
549300UV5JQXLGVWIP44,Devon Bank
5493001SXWZ4OFP8Z903,"DHI MORTGAGE COMPANY, LTD."
549300WS8BW0I0BDA390,DIAMOND RESIDENTIAL MORTGAGE CORPORATION
549300JPGMCMBEJEK584,DIGITAL Federal Credit Union
549300QD23LICPXTPB55,"DIGNIFIED HOME LOANS, LLC"
549300XAHXRVSRML8V19,"DIRECT MORTGAGE, CORP."
549300ZBXINP1Y94CN02,"DIRECTORS MORTGAGE, INC."
X05BVSK68TQ7YTOSNR22,Discover Bank
549300MSU5WVAU4ZN645,"Dollar Bank, Federal Savings Bank"
549300C8GOC4OYUV0Z32,"DOMINION FINANCIAL SERVICES, LLC"
5493001R92DY5DI1DI85,DRAPER AND KRAMER MORTGAGE CORP.
549300UXTDELQS5SLF91,DUPACO COMMUNITY
549300H3IZO24NSOO931,"EAGLE HOME MORTGAGE, LLC"
WVM1F03F86RQLLTEVE84,EagleBank
F28JOQ8OBWCFUYM0UX93,East West Bank
549300DDLYW49R2HCV81,EASTMAN
2549004OC91L41W9XR37,Educational Employees Credit Union
549300NZWZUYUWEOA562,Elements Financial Federal Credit Union
213800QUAI2VH5YM6310,"EMBRACE HOME LOANS, INC."
549300EMNDEK4BA8WB53,EMM LOANS LLC
5493000JFVFQFL816N45,ENCORE BANK
54930013MXTMNAENKY84,ENERGY ONE FEDERAL CREDIT UNION
6GK3WNTSHBNJOVP1LV97,Ent Credit Union
549300J6N77Q8OHYNF23,"ENVOY MORTGAGE, LTD"
549300B8FO8HQHJB6633,"EQUITABLE HOME MORTGAGE, INC."
549300K4ZLGS7SRDTL86,Equity Prime Mortgage LLC
54930072OCHTUJOZQB56,EVANSVILLE TEACHERS
54930053KPO7OG48FP72,EVERENCE FEDERAL CREDIT UNION
549300XWUSRVVOHPRY47,"EVERETT FINANCIAL, INC."
54930060G4MDPWHISD89,EVERGREEN MONEYSOURCE MORTGAGE COMPANY
549300VQ0V62WHMGY629,EVERLEND MORTGAGE COMPANY
549300IRXW9RSZM2B951,Evolve Bank & Trust
549300YRN588YD6VNJ18,F&M Bank
549300MGPZBLQDIL7538,FAIRWAY INDEPENDENT MORTGAGE CORPORATION
2549009V3JISNNLCD785,FAMILY FIRST FUNDING LLC
549300UBM8OIENB7BQ09,Farmers-Merchants Bank of Illinois
54930073P3QM9MWXOT53,Farmers & Mechanics Bank
549300BMHSUCH6UGU556,Farmers & Stockmens Bank
549300LLESTPOVRG3X73,Farmers Bank & Trust
549300KPHGEE40YQXO21,FARMERS INSURANCE GROUP FEDERAL CREDIT UNION
549300D0H09HSURFXA20,"FAY SERVICING, LLC"
5493005JPZ3LXXMB0S24,"FBC MORTGAGE, LLC"
549300L8JRY60EOROT34,FCB Banks
549300AN5V81GRYDJ823,FEDCHOICE Federal Credit Union
549300OGIGNKGO2DX942,FEDEX EMPLOYEES CREDIT ASSOCIATION
549300TDBTRK89DZRC13,FIBRE FEDERAL CREDIT UNION
254900ALCPGGRYFG8I88,Fidelity Bank
549300LE3ZOZXUS7W648,FIDELITY BANK
549300L9MOPDT0NKE883,"Fidelity Bank, National Association"
QFROUN1UWUYU0DVIWD51,"Fifth Third Bank, National Association"
254900UL88QFG0E40516,Figure Lending LLC
5493001IKIPQ6O5UGV92,FINANCE OF AMERICA COMMERCIAL LLC
549300MXJA09WZJ0DV55,FINANCE OF AMERICA MORTGAGE LLC
549300S5YL3OH0IVCS62,FINANCE OF AMERICA REVERSE LLC
549300X7KG2H84UCP685,"Financial Funding Solutions, Inc."
549300US45HOXL30J494,FINANCIAL RESOURCES FEDERAL CREDIT UNION
5493005JF6BKCN6OY689,FineMark National Bank & Trust
549300ZS1TR1B4LHX377,Firefighters First Federal Credit Union
549300VJNXT4X0NJO497,FIREFLY
L9VVX1KT5TFTKS0MLF66,First-Citizens Bank & Trust Company
XC7Z0BA39TU7L1AKOJ12,First American Bank
549300DT7WZ1SOTNFJ62,First Bank
549300FM2Y64BMWO8016,First Bank
549300LO3MP4RAI32X70,First Bank
549300SELI3XCH3UZW80,FIRST CENTENNIAL MORTGAGE CORPORATION
549300PUSSF737Y6XW86,FIRST CHOICE LOAN SERVICES INC.
5493003V40VGM7YDFM54,FIRST COLONY MORTGAGE CORPORATION
549300L44U62O7WHRR78,FIRST COMMUNITY
549300R0SXC1JU7ZU290,"FIRST COMMUNITY MORTGAGE, INC."
549300C20KZIWPASBC15,"FIRST CONTINENTAL MORTGAGE, LTD."
549300CNRVR02KBUDD48,First Federal Bank
Q708HHR4LD2B7XIZNO92,First Federal Bank
549300W5A6PQ1VJG3497,First Federal Bank of Kansas City
549300XW2H531FLD3I90,First Federal Savings and Loan Association of Port Angeles
MV4O55SH8HO6KQSGW013,First Financial Bank
5493003K18C4JU5UJ328,First Financial Northwest Bank
549300G8SAGXEDF5FK39,First Guaranty Bank
549300MMIZD8222YV754,First Guaranty Mortgage Corporation
549300DMI3W6YLDVSK93,First Home Bank
COOWI3L2W9TPYR3WJX37,First Horizon Bank
5493002LPXKMOZNXUY90,First International Bank & Trust
549300B81YWV4GBENI49,First Internet Bank of Indiana
549300RFSMIRUODUVW59,First Interstate Bank
S0Q3AHZRL5K6VQE35M07,First Merchants Bank
KV8W1JTB8FZ821S5ED75,First Midwest Bank
549300V1JRN7CMTCF305,"First Mortgage Solutions, LLC"
254900OD9TDRYGWJ0N48,First National Bank
549300N34GCCEN8EJE06,First National Bank
254900WTZC5SSKIN2M11,First National Bank of America
LDVFX8JEECFFE8HRWA73,First National Bank of Omaha
5493006KQF5UKZ3Y9N07,First National Bank Texas
549300LHJR6FIWIU8E25,FIRST NATIONS HOME FINANCE CORPORATION
549300ODHOF8ORD47F11,"First New Mexico Bank, Las Cruces"
549300Z77WUYJM3QG591,First PREMIER Bank
YWC0TIKBQM2JV8L4IV08,First Republic Bank
WKN6AF1FCL7BBYGTGI83,First Savings Bank
549300D6J5NNUQ1QZ810,First State Bank
549300C1ICNCM0V37Y02,"First State Bank of St. Charles, Missouri"
549300Q02LGIN9AXKP98,FIRST TECHNOLOGY
549300DMHEHNYZ2OLB41,First United Bank and Trust Company
254900KI7219LQKCI772,First Western Trust Bank
549300OBO7DOF2KOP535,FirstBank
549300KYODJTW38SQV05,"FirstCapital Bank of Texas, National Association"
SS1TRMSN6BRNMOREEV51,"Flagstar Bank, FSB"
549300LXKO1O7CSK5J52,"FLAT BRANCH MORTGAGE, INC."
549300ZIXM1VUXPG4D03,"Florida Capital Bank, National Association"
5493003EAJYUK1F8B139,Fortress Bank
549300WB1KDYDW5IRX09,FortuneBank
549300XZEU2LB7FLWW04,FOUR POINTS
254900RQX8N4HXJIDK44,Franklin Loan Corporation
549300LYRWPSYPK6S325,FREEDOM MORTGAGE CORPORATION
254900HEPQK96AEXHS12,Frontier Bank
549300A68YW07V5R5G22,FUNDLOANS CAPITAL
549300M0SDF90SCNIY89,Gain Federal Credit Union
549300M8WGW2D17CZD19,"GARDNER FINANCIAL SERVICES, LTD."
549300TQVOMKNKFOH392,Gate City Bank
54930034MNPILHP25H80,Gateway First Bank
5493001XKL0FTNOJ0866,"GENEVA FINANCIAL, LLC"
549300QIUZLVR1OLDH55,GENISYS
549300P55E0GN57DEV03,"GEO-CORP, INC."
5493001P6QB5ISAUNV97,Georgia Banking Company
5493001B4U37VT2ML818,GESA
549300ESRQ6OLBB56N04,Glacier Bank
5493006XP2M53G3AP658,GLOBAL
549300DJES4HXFQRN790,GOLD Credit Union
5493002Y5XYV7DV1ZV88,"GOLD STAR MORTGAGE FINANCIAL GROUP, CORPORATION"
254900VHUBSJJKOMBF27,"Golden Empire Mortgage, Inc."
549300BDHZAV4ZQHQV19,GOLDENWEST
KD3XUN7C6T14HNAYLU02,Goldman Sachs Bank USA
549300X08QKYUH256I80,"Goldwater Bank, N.A."
549300OYEKEORA1GI088,"GoPrime Mortgage, Inc."
549300DM6DAOPSF8HL78,"Grand Bank for Savings, FSB"
549300L7610D7H3Z5585,Grand River Bank
549300337GB2P1WP7003,Grandbridge Real Estate Capital LLC
549300L04PDEYOR8VJ60,"GRAYSTONE FUNDING COMPANY, LLC"
549300W6J23SLH6AR815,GREAT LAKES
549300XKEC7P1D7OKJ16,Great Plains National Bank
1TMVIO1SD0RLIPEIW803,Great Southern Bank
549300V4GRCFGZBVVZ73,GREATER ALLIANCE
549300D5DG8D4966HK70,GREATER TEXAS FEDERAL CREDIT UNION
549300TMY3OACQC9U777,"Greenbox Loans, Inc."
5493007Z7FTUKQGFMZ98,GREYSTONE SERVICING COMPANY LLC
25490018IFQOT83Q7H49,GSF Mortgage Corporation
54930001NSTOD85LT125,"GUARANTEED RATE AFFINITY, LLC"
549300U3721PJGQZYY68,"GUARANTEED RATE, INC."
5493005HCI0Y8LUK5S48,GUARANTY HOME MORTGAGE CORPORATION
549300RD5IG88VPO6P22,"GUIDANCE RESIDENTIAL, LLC"
549300AQ3T62GXDU7D76,GUILD MORTGAGE COMPANY
5493003B2LEGQHDWRN55,HANSCOM
54930097J3TUZXBXXE75,HAPO COMMUNITY CREDIT UNION
54930028J11BWKUVGX50,HARBORSTONE
54930023DLYUOD6GKQ42,Hawthorn Bank
549300Z2B4FHRYOXTS09,Heritage Bank
549300KUIZTYQRC0R888,Heritage Bank National Association
549300GL7DLQR39MW179,HERITAGE GROVE Federal Credit Union
549300KHXD7JSQUZIJ22,"HIGHLANDS RESIDENTIAL MORTGAGE, LTD."
5493009JZ6NIQL6RQT28,HIGHMARK
549300CK7U1WMTIG6687,HighTechLending Inc
549300GMYQSCNQRCBL04,HIWAY
549300FTR6GEUX8QTI81,"HOME APPROVALS DIRECT, INC."
549300GHAXBE9Q7W9273,Home Federal Savings Bank
549300B4JDSKWJR1NR35,HOME FUNDING CORPORATION
549300LLQD0X2OTG0Y27,"Home Loan Investment Bank, F.S.B."
5493009YXZEN8325UC34,"HOME MORTGAGE ALLIANCE, LLC"
549300BRJZYHYKT4BJ84,HOME POINT FINANCIAL CORPORATION
549300AUFLERO59VGC71,"Home State Bank, National Association"
5493001HHBUTXHS7TZ96,HOMEAMERICAN MORTGAGE CORPORATION
5493001WHVQBGRSWEU75,"HOMEBRIDGE FINANCIAL SERVICES, INC."
549300NJVKCDJA5YC939,"HOMEOWNERS FINANCIAL GROUP USA, LLC"
549300RN01LBYR8ZVX74,"HOMESIDE FINANCIAL, LLC"
549300MFY0P4D234OB91,HOMESPIRE MORTGAGE CORPORATION
549300T3F9S1MKFKHC53,HOMESTEAD FUNDING CORP.
01KWVG908KE7RKPTNP46,HomeStreet Bank
549300RA3E0BUFO7YZ21,"Hometown Equity Mortgage, LLC"
549300UFNWYY11NLMW19,"Hometown Lenders, Inc."
549300COIWXM618UBE82,HomeTrust Bank
549300R77W0P105C3S50,HOMEXPRESS MORTGAGE CORP.
549300VBY3NBKUNMKL64,HONDA Federal Credit Union
549300715JT4HMT74E48,HORIZON
549300FRCDZ60TVZUA57,Howard Bank
1IE8VN30JCEQV1H4R804,"HSBC BANK USA, NATIONAL ASSOCIATION"
549300HPQK71BCBQVT93,HUGHES FEDERAL CREDIT UNION
549300THBFHMP4WJ0323,I.L.W.U. CREDIT UNION
549300UM6HPORF7X4415,IAA Credit Union
H98JYKDFKFZ5ZPCSMT69,Iberiabank
254900NZESTDEJZDVW90,Icon Credit Union
5493001PXRJMPLXPG540,IDAHO CENTRAL
549300MPGZVO0YIGL418,IDAHO STATE UNIVERSITY
2549003Z8R5QM0WPS603,IDB Global Federal Credit Union
549300U2WRK55BY8UC05,IMPAC MORTGAGE CORP.
549300HGDJQ37M5BE268,"INB, National Association"
549300RBN5KM5RUFOE42,Independent Bank
549300YCCZTMBHGTNQ79,Independent Bank
254900YLQBQNWLGKOI74,"Industrial and Commercial Bank of China USA, National Association"
549300DJT1WS6SELJS28,INDUSTRIAL CU OF WHATCOM COUNTY
5493000XC2Y1SLXRQP11,"INFINITY EQUITY GROUP, INC."
549300BU5TSYOCF3Y655,INLAND BANK & TRUST
5493002QI5QUDX4RGW52,INROADS
5493007VW2EU20PZYU97,INSPIRE HOME LOANS INC.
549300Q6YL1SFVPEGV90,"INTELLILOAN, INC."
549300S5FVOSK5DQJN30,INTERCAP LENDING INC.
549300DMIVL13D62WX91,"InterContinental Capital Group, Inc"
5493008ZTV4S0W9DCX64,"INTERNATIONAL CITY MORTGAGE, INC."
549300AHVQ1LDFNP8P69,Inwood National Bank
54930043NO4SOC3P8438,Iowa State Bank
254900N49YI2HHKDPS92,iQ Credit Union
5493002G4JO4BZ22MC13,"IVY MORTGAGE, INC."
549300T9P3WXNMXX0I34,Ixonia Bank
549300EXQ4TO1KWRTV95,JAMES B. NUTTER & COMPANY
54930009LUIVFTPRGT26,"JAYCO PREMIUM FINANCE OF CALIFORNIA, INC."
549300IBNNEGK9BO7X08,Jefferson Bank of Missouri
549300DX0B304LAKUN93,JLB CORPORATION
5493009B17HXCVXTD608,"JMAC LENDING, INC."
549300XRXBA38J60S618,JMJ FINANCIAL GROUP
549300JQALY53TH22D13,"JONES LANG LASALLE MULTIFAMILY, LLC"
7H6GLXDRUGQFU57RNE97,"JPMorgan Chase Bank, National Association"
549300AOB4S7B0DB7863,JUSTICE Federal Credit Union
5493002QI2ILHHZH8D20,"KBHS HOME LOANS, LLC"
549300GUS13Z72B6KD63,"KELLER MORTGAGE, LLC"
HUX2X73FUCYHUVH1BK78,KeyBank National Association
549300IKS3MMB5YK6T18,KINECTA
5493009EEWZ9S4F2BE94,Kirkpatrick Bank
549300C5STIFBCFMRJ96,Kirkwood Bank & Trust Co.
549300HGZNH5YBU04369,Kitsap Bank
549300YEI60WAHWQ3110,KITSAP Credit Union
549300Z6EE8DBBFUW487,KS StateBank
2549004CU9LAM5CYA280,Kwik Mortgage Corporation
5493000H6DFDDJRORG89,"LADERA LENDING, INC."
549300SY0ZRUCS4CSY07,LAFAYETTE FEDERAL CREDIT UNION
549300SCFU7K14E0J331,Lake Area Bank
5493005EYZOUVJUXAX38,"Lakeview Community Capital, LLC"
549300NOCASXPA34X033,"LAKEVIEW LOAN SERVICING, LLC"
5493006RIR31ORKYB608,"LAND HOME FINANCIAL SERVICES, INC."
549300NK4UZYJMJIC252,LANDED HOME LOANS LLC
549300Y53L6CDUB50530,Landmark Community Bank
549300CHR7TPQ6LLXG47,LANGLEY
549300AAWFEC6CRH6N89,"LANTZMAN MANAGEMENT, INC."
549300QONNWTTNCN9G42,LAS COLINAS
5493000NYUJT9UC6G261,LEADERONE FINANCIAL CORPORATION
549300OVUSU8E87XZV67,Legence Bank
5493002BHZ2N82ENVH10,"Lend Smart Mortgage, LLC"
549300OWUY97LHFQ0512,"LENDERFI, INC."
5493006VAGP3GQ8FJT49,LENDINGHOME FUNDING CORPORATION
54930091JQKCU3Z6IP44,"LENDINGONE, LLC"
549300UR5AOWTJJ7KZ64,LENDSURE MORTGAGE CORP.
549300QU7HWSPH011Y56,"LENDUS, LLC"
549300LROQOOQU77WS20,LENOX FINANCIAL MORTGAGE CORPORATION
549300B3O78O3WRVJJ49,Level One Bank
549300TZUUEG8RUJI536,LHM FINANCIAL CORPORATION
549300QUX3LK82LO3013,"LIBERTY HOME EQUITY SOLUTIONS, INC."
549300B2JJHSM77T5Y41,LIBERTY HOME MORTGAGE CORPORATION
549300MU2YI0HXIT3257,"Liberty Savings Bank, F.S.B."
254900FBWEZ3YUPOBN33,"LIMA ONE CAPITAL, LLC"
549300U82B82JH54TO79,Lincoln FSB of Nebraska
549300XY02VS45I5ZZ90,Lincoln Savings Bank
549300QLL0WGOPA6R131,LincolnWay Community Bank
54930040HIIQWXRS6K39,"LO, INC."
549300748YYU6VG08N83,"Loan Simple, Inc."
549300AG64NHILB7ZP05,"LOANDEPOT.COM, LLC"
549300I43FC7P0IJMR13,"LOANLEADERS OF AMERICA, INC."
549300YN94MOAVYW0F52,"LOANPAL, LLC"
5493007LCGK7U7USNX41,"LOANSNAP, INC."
549300MHH03ICJYEPE85,"LONGBRIDGE FINANCIAL, LLC"
5493002DRIX59V47NM65,LOS ANGELES POLICE Federal Credit Union
5493004RCIKTZ2ZKII25,"Low VA Rates, LLC"
5493006KXUHSYFT7SD10,"LPMC, LLC"
5493000ZB0IHPJ66BJ32,Luther Burbank Savings
254900V6GCDMRQZ34D96,Luxury Mortgage Corp.
254900KKWIJLOTNP7667,M&T Realty Capital Corporation
549300REENMLD2RN3W58,Magnolia Bank
5493002H4C2PXJ5ZNP48,Main Street Bank
549300TWPFOYZ33TOU32,MANN FINANCIAL INC.
WWB2V0FCW3A0EE3ZJN75,Manufacturers and Traders Trust Company
549300CDLJDN8ENOT455,MARION AND POLK SCHOOLS CREDIT UNION
254900DYDZ158KQYBD95,Marriott Employees' Federal Credit Union
549300UB5TJ0YPVPT503,MASON MCDUFFIE MORTGAGE CORPORATION
549300P1347BFCBHJV60,MASS. INSTITUTE OF TECH. FEDERAL CREDIT UNION
549300217ZPIHWEYT887,MASSMUTUAL
549300QTN66CFMVWLH03,MAYO EMPLOYEES FEDERAL CREDIT UNION
549300JDDZ5OVOP5E294,Mazuma Credit Union
549300X3PFQJ32XJSB27,mBank
2549008X67CV1MNM7747,MEADOWBROOK FINANCIAL MORTGAGE BANKERS CORP.
5493006L4FQIQFVFNS72,"MEGA CAPITAL FUNDING, INC."
549300WKFR15017V9850,MEGASTAR FINANCIAL CORP.
5493007L4GYNO2PUBS09,"MEMBER FIRST MORTGAGE, LLC"
549300GS2JP8CQK0MD31,MEMBERS COOPERATIVE
5493005HTCBH4TWCVM82,"MEMBERS MORTGAGE COMPANY, INC."
549300WRDGBHKR1BXL98,Merchants Bank of Indiana
549300OZIFHR7THILC90,"Merchants Bank, National Association"
549300RKVDUINI2A8Y77,MERCK EMPLOYEES FEDERAL CREDIT UNION
635400IW1QMK3FNFF894,Meridian Bank Corporation
5493007KYI3BO5LTXF79,Meridian Trust Federal Credit Union
549300A4ZI1DF2OO1B51,MERIWEST
254900TM81D0YC1B9584,Metro City Bank
54930015EUQKUCIRBQ14,METRO CU
549300C6TQAJABMFOR79,MICHIGAN FIRST CREDIT UNION
549300TK6RZQSFXZHV09,"MICHIGAN MUTUAL, INC."
54930053SM8COVIPIY54,MICHIGAN STATE UNIVERSITY FEDERAL CREDIT UNION
549300XRGNVNCISU8Q79,Mid-Atlantic Federal Credit Union
549300NN0PRX3I4QGG46,"Mid-Continent Funding, Inc."
54930049L5WINET09Q97,"MID AMERICA MORTGAGE, INC."
337KMNHEWWWR6B7Q7W10,MidFirst Bank
549300U6DW7DX671T306,Midland States Bank
549300OR2C7AGDZFTS24,Midwest BankCentre
549300FGUI1NQCS1M144,Midwest Community Bank
549300L4YRGOSZO6BP34,"MIDWEST LOAN SOLUTIONS, INC."
254900JH11ROOV921P96,ML Mortgage Corp.
549300AG10BX85DF5S49,MLD MORTGAGE INC.
5493000321W4GKLZ1Y10,MOBILITY Credit Union
549300GS0W0TEUQS8571,"Morgan Stanley Private Bank, National Association"
549300N3JBQ15RQ7AV97,"MORIA DEVELOPMENT, INC."
254900AD895KKZTSFT42,Mortgage Assurance Inc.
549300D3LYUX1NJVC329,"MORTGAGE CAPITAL PARTNERS, INC."
5493008JECR4UE0WVR04,"MORTGAGE EXPRESS, LLC"
549300WB418SBFX6YI35,MORTGAGE LENDING GROUP LLC
549300OQ5QR1CNV5HY08,"MORTGAGE MANAGEMENT CONSULTANTS, INC."
549300GJI4B01Z3NJL65,MORTGAGE MASTER SERVICE CORPORATION
549300DD5QQUHO6PCH70,"Mortgage Research Center, LLC"
549300PBTV7FCWLSMM53,"MORTGAGE SOLUTIONS OF COLORADO, LLC"
5493002TJKC8NLH1ZP82,"MORTGAGEONE, INC."
5493006S869XKIESMV41,MOUNTAIN AMERICA
549300WEOD0TL2O6EU67,"MOUNTAIN WEST FINANCIAL, INC."
549300DD4R4SYK5RAQ92,"MOVEMENT MORTGAGE, LLC"
OX3PU53ZLPQKJ4700D47,"MUFG Union Bank, National Association"
5493007XXF5AWOEWTU94,Mutual Federal Bank
549300OPCWU6E72WUT29,"MUTUAL OF OMAHA MORTGAGE, INC."
54930016ZSB1QWXLRJ13,"MY MOVE MORTGAGE, LLC"
5493006HFDG31YJ3MM36,"MYCUMORTGAGE, LLC"
549300PPKM4YL2GY3713,N R L Federal Credit Union
549300KPBZCTMM3Y0061,"NASA Federal Credit Union"
5493001GAASLCSP1PB64,"NATIONAL COOPERATIVE BANK, N.A."
549300QKL5FUBZ8LSF50,"NATIONS DIRECT MORTGAGE, LLC"
254900WEP08K7U7S3A80,Nations Lending Corporation
549300JKR164SLNO6Y85,"NATIONS RELIABLE LENDING, LLC"
549300LBCBNR1OT00651,"NATIONSTAR MORTGAGE LLC"
549300WH9FMXOC63ZV77,"NATIONWIDE EQUITIES CORPORATION"
549300CLRXFVF83ZL806,"NATIONWIDE MORTGAGE BANKERS, INC."
5493003GQDUH26DNNH17,"NAVY FEDERAL CREDIT UNION"
549300T7AIY7RU1YDP31,NBH Bank
213800XR2TCBQJSF1X93,NBKC BANK
254900O723MCLR701H50,"Neighborhood Loans, Inc."
549300SM9GB26JECOA70,NEIGHBORHOOD MORTGAGE LLC
549300GQDT484LGI9C04,NETWORK CAPITAL FUNDING CORPORATION
254900QRD0ZXHH08TX87,"Network Funding, L.P."
549300W6UP8EY0KSBG85,New Century Bank
549300SUCQ1358EGVE89,"NEW DAY FINANCIAL, LLC"
549300RU0T31BIA8UR19,"NEW WEST LENDING, INC."
549300FNXYY540N23N64,NEWREZ LLC
549300NWBS6MQJX15N44,NexBank
549300EKFFG3BU8DNX74,NEXERA HOLDING LLC
549300IJI189UIQW0294,NEXTMARK
549300MCIFZSDHUT8X63,"NFM, INC."
38CFVD4YYFWD1FV7IM34,Nicolet National Bank
549300DCGBXW5FJMV921,"NMSI, INC."
549300K6K2IS7FRS7S09,"North American Savings Bank, F.S.B."
549300AV8QD552DSI743,"NORTHMARQ CAPITAL FINANCE, L.L.C."
549300UXY7OP0IC38293,Northpointe Bank
5493009D2COWW65B8673,NORTHROP GRUMMAN Federal Credit Union
549300RBJCM5B02O5U05,Northwest Bank
549300CTZWA68906Q837,NORTHWEST COMMUNITY
549300KDR80I1ELW8D36,"Northwest Farm Credit Services, FLCA"
549300OSZK2W0WJYS771,Northwest Federal Credit Union
254900IHSG9OOX0DZH92,NorthWest Plus Credit Union
254900DNPJINSUKFZ002,Notre Dame Federal Credit Union Corporation
549300HIVO8XPBPNVG69,NOVA FINANCIAL & INVESTMENT CORPORATION
2549004Z576VEJBK3N72,"NP, Inc."
549300N52O6FKUCU5G62,NUMERICA CREDIT UNION
549300XUMML1SMLTVQ62,NUTMEG STATE FINANCIAL
549300F6NSBOJBM9ED39,NuVision Federal Credit Union
549300MRNL011DYRV285,NW PRIORITY CREDIT UNION
549300ML3H1LUVR1FP75,O BEE
549300ZX4OGRPOOEH505,Oakstar Bank
549300KX4S1573HISS22,OAKTREE FUNDING CORP.
5493004R423PBPM6A173,OCEANSIDE MORTGAGE COMPANY
549300J7I82PNDVU8H22,"OCMBC, INC."
549300AT7EB9FJAF0E61,Old National Bank
2549008GIE3QVYB2FT28,Olympia Federal Savings & Loan Association
549300SVKVT1EF3U0N48,"ON Q FINANCIAL, INC."
549300PMVNBERP6TB157,ONE NEVADA CREDIT UNION
549300EHC6INE5XY6I44,"ONE REVERSE MORTGAGE, LLC"
2549008LK3474E9U2888,OnPoint Community Credit Union
549300R4F5COFJE0DN81,"ONY GLO, INC."
549300CR5XDK0TP7I727,"OPEN MORTGAGE, LLC"
254900MHHOS58M9D0445,Operating Engineers Local Union #3
5493007ZF78YQRSXQG49,Opportunity Bank of Montana
5493002PJJERLWZ9O392,Opus Bank
254900Z8J5L9POS71X51,Oregon State Credit Union
549300E34W6TNRG7B624,OREGONIANS CREDIT UNION
D8RBTOL3JO2Q6IEO0F34,Origin Bank
254900U2ZPLWQTSD3158,Orion Federal Credit Union
549300JGMQJ4R419LR70,"ORIX REAL ESTATE CAPITAL, LLC"
54930060KLIQD8MMSB55,Orrstown Bank
98450064457HF042AA24,Pacific Equity and loan LLC
2549007IU6SKFLLNKZ07,Pacific Lending LLC
254900HD4RROQDXNWI45,Pacific NW Federal Credit Union
549300NTH6N72ZZNX948,Pacific Premier Bank
549300TUQC6OYE8A0Y96,"PACIFIC RESIDENTIAL MORTGAGE, LLC"
549300FVD3YHE65PKH97,"PANORAMA MORTGAGE GROUP, LLC"
549300KW3HYVC06WS898,Paramount Bank
254900ZFWS2106HWPH46,"Paramount Residential Mortgage Group, Inc."
5493009DTDMV4MI5MT96,"PARKSIDE LENDING, LLC"
549300TEBV514KLDE180,PENINSULA COMMUNITY
RVDPPPGHCGZ40J4VQ731,"PENNYMAC LOAN SERVICES, LLC"
5493008GYZEYGLI3NQ97,PENRITH HOME LOANS LLC
549300FX7K8PTEQUU487,PENTAGON FEDERAL CREDIT UNION
549300HVPIN7YD1REF28,People's Bank of Commerce
254900MRUZFHXLEPLR52,People's Community Federal Credit Union
5493001VH4ZJNSI25781,Peoples Bank
54930032OCUOR526IR93,Peoples Bank
I70W3N0Z6KOX8FYIH023,Peoples Bank
549300IYKILIU506KA05,PeoplesBank
549300HPJZBSYILQTY06,PERFORMANCE MORTGAGE LLC
PAOOWF3GUFM46FBSP561,PHH Mortgage Corporation
549300CDOC4F7XSRG390,Pinnacle Bank
549300KJ8PAJ7E52HG32,Plains Commerce Bank
549300OBLIP1F3NM5751,PlainsCapital Bank
54930021WPEXNHYZUL09,"PLANET HOME LENDING, LLC"
254900D8UVDBN0LNLV64,Platinum Home Mortgage Corporation
549300JYXTZDSPJEPI44,"PLAZA HOME MORTGAGE, INC."
549300EHWBP6UP4Y8J37,"PLUS RELOCATION MORTGAGE, LLC"
AD6GFRVSDT01YPT1CS68,"PNC Bank, National Association"
25490045AQF6IJKP4394,Point West Credit Union
549300E0WPRCJMXMUM09,Popular Bank
254900LX8DA8FRHUUD51,Potlatch No. 1 Financial Credit Union
5493007K6HGI9G0ECX16,Preferred Bank
549300ISCZS1R0CJMO47,"PREMIA MORTGAGE, LLC"
5493001SDQVS1NWYH012,"PREMIER LENDING, INC."
549300B4IYL7TZT8FA34,"PREMIER MORTGAGE RESOURCES, L.L.C."
54930078TNN7GKZ7NU89,"Presidential Bank, FSB"
54930052M48FOD3CWA54,"PRIMARY RESIDENTIAL MORTGAGE, INC."
549300121SF0K2LN2804,"PRIMELENDING, A PLAINSCAPITAL COMPANY"
549300XHPPLC0TBRV021,"PRIORITY HOME LENDING, LLC"
549300SI3EZ7U02L5E39,PROPONENT Federal Credit Union
5493005PKOSG7MYX0B34,"Prosperity Home Mortgage, LLC"
54930043BMDE130FJ617,"PROVIDENT FUNDING ASSOCIATES, L.P."
549300RDGRWJXEQOEC49,"PRUDENTIAL MULTIFAMILY MORTGAGE, LLC"
5493008KVNSBXMICV874,"PS FUNDING, INC."
5493004WMLN60ZJ2ON46,PULTE MORTGAGE LLC
549300U7UH8QCS8WQ406,PURDUE FEDERAL CREDIT UNION
254900QPRPHIXEAX3L37,Qualstar Credit Union
254900C2QXQ435D8TY78,Queensborough National Bank & Trust Company
549300FGXN1K3HLB1R50,"QUICKEN LOANS, LLC"
2549004XJQQPBYQSMT39,Quontic Bank
549300Q50XCC0473FG63,QUORUM FEDERAL CREDIT UNION
549300X72Q5WKCW2QQ95,R M K FINANCIAL CORP.
5493004T38NMC864VL66,"RAIN CITY CAPITAL, LLC"
549300LU6Y2TXG48QY48,RANDOLPH-BROOKS
549300W1HU6IVVIEJ389,"RANLIFE, INC."
ZXMJHJK466PBZTM5F379,"Raymond James Bank, National Association"
5493001JT9MT3Z3Y3M39,"RBC Bank, (Georgia) National Association"
254900JXCS783CPF1D02,"RCN Capital, LLC"
549300L8ZRL1FNUUOA59,"READYCAP COMMERCIAL, LLC"
54930007KK7ZS3IJVC25,RED CANOE CREDIT UNION
549300FHY2PHOAHAXW92,"Redfin Mortgage, LLC"
549300F6Y1YO2YXN6135,REDWOOD RESIDENTIAL ACQUISITION CORPORATION
EQTWLK1G7ODGC2MGLV11,Regions Bank
549300YW2UBCMDRMBT48,"RELIANCE FIRST CAPITAL, LLC"
549300AOG9F040P5KW70,Reliant Bank
5493002RF1ERFA2XR050,Renasant Bank
X6T32LKEPUT8LQMW6755,Republic Bank & Trust Company
549300XCVBRR56D08F03,RESIDENTIAL BANCORP.
549300SCFWZXMDMZPE93,"RESIDENTIAL MORTGAGE, LLC"
549300MUXFVZKH4XLG17,"RESIDENTIAL WHOLESALE MORTGAGE, INC."
5493001FXF3J5C0QWQ87,REVERSE MORTGAGE FUNDING LLC
549300QHPJ9CLOLCVE82,RiverHills Bank
254900T37KTTXKCK3416,Rivermark Community Credit Union
549300JPVHG8M0ADBX36,Riverview Community Bank
549300GHJNYLYN726391,Rock Canyon Bank
549300HH0V8LECLNPQ26,ROGUE
5493000IIYWBLONJVJ30,ROUNDPOINT MORTGAGE SERVICING CORPORATION
5493003B20KZ3DEZGB43,Royal Business Bank
549300UG7QXKM7KGV847,ROYAL UNITED MORTGAGE LLC
549300GSCUJKJINRJ980,"RUOFF MORTGAGE COMPANY, INC."
MCXHCL35UUWDZK7NCQ61,S&T Bank
2549004FXPNKCLIN8250,"S1L, Inc."
5493000BAKE4VAHVCU55,SALAL
5493009HUMWCHFRDKF12,SAMMAMISH MORTGAGE COMPANY
TR24TWEY5RVRQV65HD49,"Santander Bank, N.A."
5493001P38O8QXGI6503,SEA WEST COAST GUARD FEDERAL CREDIT UNION
549300X01FL2VJJGCI54,Seattle Bank
5493007QERYQSQ3QNH02,Seattle Metropolitan Credit Union
2549003K48UGTWEK6O31,Secured Investment Corp.
5493008N1D96CHCTQC27,SECURITY SERVICE
549300VQUTI5IU7GXT57,SECURITYNATIONAL MORTGAGE COMPANY
5493003WLEYGXGNTI654,SELCO COMMUNITY
549300KT5OWPGQKWUN86,"Semper Home Loans, Inc."
254900P7WLDQD9IUL038,Service Federal Credit Union
549300VTMXH07KUIB722,SERVICE FIRST FEDERAL CREDIT UNION
549300DRA4BDXW23LD45,"Servion, Inc."
549300KRHOMDHAKS8L29,SHARONVIEW FEDERAL CREDIT UNION
254900R9A6TW85BTVS20,Shea Mortgage Inc.
549300PTX8QF0BPQ5U19,"SHELTER MORTGAGE COMPANY, L.L.C."
254900TTZ395IC926125,"Sierra Pacific Mortgage Company, Inc."
549300SQKZC6HESYGO25,Signature Federal Credit Union
0K2D5AK28E3O5CC06E35,Silicon Valley Bank
549300038578ZJ284Y20,"SILVER HILL FUNDING, LLC"
549300DPRWSBUY619V27,Simmons Bank
549300KQHWNSVCE2MY88,"SIRVA MORTGAGE, INC."
549300QV3GEYMP1WSO93,"SIWELL, INC."
549300V3N91EH05UWL23,SKYONE Federal Credit Union
549300SXISSKGPHW5702,SOFI LENDING CORP.
549300ILXET2VTO1HD84,"SOFI MORTGAGE, LLC"
549300GGB04TG4AH1377,Solarity Credit Union
54930021QRU8VXNS6152,SOUND
549300U8DCOOTG96YM89,Sound Community Bank
8I3UVGYULPJQIP7FQV10,"South State Bank, National Association"
549300DQLGJ1YQRRHH73,Southwest Airlines Federal Credit Union
549300249G20MDIDRR27,"SOUTHWEST STAGE FUNDING, LLC"
549300BFJ8COFCPOMU05,SOVEREIGN LENDING GROUP INCORPORATED
549300QSUEE20YO86W39,Specialized Loan Servicing Llc
5493000OOREHUZON5E13,SPOKANE FIREFIGHTERS CREDIT UNION
549300TUSRLWD8ETNR90,SPOKANE TEACHERS
549300PIL8LFAQ04XC20,"SPRING EQ, LLC"
5493007IES1RWVUDDU23,Springfield First Community Bank
549300OEXPP23JR0L272,SRE MORTGAGE ALLIANCE INC.
549300R0QZYJMOBCNI97,ST FIN CORP
5493009Y8ROUG903AQ21,STANFORD Federal Credit Union
5493004F7BXDIUFVPV87,STAR ONE CREDIT UNION
549300C4RD3C53QCM649,"STARBOARD FINANCIAL MANAGEMENT, LLC"
254900EZRN0CBEP77K34,State Department Federal Credit Union
549300ZUZB0H1M5M3I66,"State Farm Bank, F.S.B."
549300YOESI1GLKRL151,"STEARNS LENDING, LLC"
549300ZEHLZ064G58146,"Sterling Bank and Trust, FSB"
CKVBED0S4DMLKJJ5XH28,Stifel Bank and Trust
254900O28OG3UMHXQY81,"Strong Home Mortgage, LLC"
254900NTAC4H10MGSU23,Summit Credit Union
5493008VVXQIDO1EZ460,"SUMMIT FUNDING, INC."
5493001YIUWLFRXQUO81,Summit Mortgage Corporation
549300O2EZG72LO2FX38,SUMMIT MORTGAGE CORPORATION
549300SK2GVCQXPD4S58,"SUN WEST MORTGAGE COMPANY, INC."
2549008TT6UNYR7AXF54,"Sunflower Bank, National Association"
549300HWDY3N8UVJO697,"Sunrise Banks, National Association"
5493008BSTI0PQR0IL08,SUPERIOR CHOICE
5493008ICL5D7TS4CI35,"SUPERIOR FINANCIAL SOLUTIONS, LLC"
549300DMYENRV818D594,SWBC MORTGAGE CORPORATION
549300GTVXJ2PGXNLM73,T2 FINANCIAL LLC
549300VZDEK4QLTWSL15,TAPCO Credit Union
5493009BD405QQTMXO12,TBI MORTGAGE COMPANY
549300GJGUHNTC6JI536,TCF National Bank
549300R8VPSFM828B312,TEACHERS
549300SXT4VBB68QCC26,TEACHERS CREDIT UNION
5493007VGBHF6SRXRR53,TECHNOLOGY
549300RYTR2RVL4SFJ90,"TEMPLE VIEW CAPITAL FUNDING, LP"
549300RM1IZYGQDSNL85,"Texana Bank, National Association"
549300GY97XGRF7XZO52,TEXANS
549300XFFRJX2835SG22,Texas Bank Financial
38PG5GG0OEQK4QMSKE59,"Texas Capital Bank, National Association"
549300ZYK1Z0EK2JC967,The Bank of Commerce
549300UF3FPC7U6RFC59,The Central Trust Bank
5493008P6YO2KM3EO556,The Dart Bank
549300BX448ALT10FI43,The Federal Savings Bank
549300RP3DLR09NF6157,The First National Bank of Middle Tennessee
549300DL7AWRPX6NXO12,The First National Bank of Ottawa
549300ZJIC4LOLZH0M42,THE GOLDEN 1
2WHM8VNJH63UN14OL754,The Huntington National Bank
254900DTLHVWQ7NP7R34,"The Loan Store, Inc."
549300JOT0D4J0SZIK67,THE MONEY SOURCE INC.
549300NB6LOZ96BDSU42,THE MORTGAGE COMPANY
6PTKHDJ8HDUF78PFWH30,The Northern Trust Company
549300CEHN5CVC6INV48,The Park National Bank
549300HWFLUA8V78OT27,The Peoples Community Bank
254900BDGU9FU91PQA51,The Union Bank Company
5493008CPTDVOS570626,Third Federal Savings and Loan Association of Cleveland
549300TM179TSKK3HQ94,"THRIVE MORTGAGE, LLC"
549300WW4OBT30G5DK23,THRIVENT Federal Credit Union
5Z1UQ1CWY0DQ3KJWDQ07,"TIAA, FSB"
549300KW705BBINDIZ26,"TIB The Independent Bankersbank, National Association"
254900MKY47WU65N1J56,Timberland Bank
54930021DZJ9CEN11D61,"TJC Mortgage, Inc."
549300YDBNK66R6ZES34,TOGETHER CREDIT UNION
54930030Z1JWTP3SVD16,"TOP FLITE FINANCIAL, INC."
549300VJQJVZKJBDWS17,"TOTAL MORTGAGE SERVICES, LLC"
54930080168VA6Z8UX21,TOWER
549300R7HGHP2I754087,TOWNE MORTGAGE COMPANY
5493008SP1FN4D81IS17,Toyota Financial Savings Bank
254900J67JRUY8SSE075,Tradition Capital Bank
549300CB67L6KPJLHE19,"TRIAD FINANCIAL SERVICES, INC."
54930004MLYQ2HKUPN66,"TRISTAR FINANCE, INC."
549300TTP68WVF1GME12,Triumph Bank
549300QWJ0FR6RCHNK90,TRUE NORTH FEDERAL CREDIT UNION
5493002YXAOJOQPEGS38,"TruHome Solutions, LLC"
JJKC32MCHWDI71265Z06,Truist Bank
549300Q1YFRSB8UEGH03,Truity Federal Credit Union
549300XYLNCM8KWF7B15,TRUWEST Credit Union
549300UBGGLZLZEY0M18,TWINSTAR
549300OBJRCHJ0G6XU24,U S WIDE FINANCIAL LLC
6BYL5QZYBDK8S7L73M02,U.S. Bank National Association
549300GWD9H4FQ2VR805,UBS Bank USA
549300BXWU32AYWT1A56,UIF CORPORATION
254900LNRKOG7TRURB32,Ukrainian Federal Credit Union
254900Y4QCRHFQOGEU34,Ukrainian Selfreliance Federal Credit Union
VNOO6EITDJ2YUEBMSZ83,"UMB Bank, National Association"
IFQSIUC9AGQV2NE8CN25,Umpqua Bank
549300FWYXJ79KO49290,UNIFY FINANCIAL Credit Union
R6KJ2D7C3UT8OVTWHS39,Union Bank and Trust Company
549300RPOGWJRH63HS39,UNION HOME MORTGAGE CORP.
549300HFBEONQN2CK447,Union Savings Bank
549300PKEQ3Q9S0IXW76,UNITED
549300MKOZ81ZWTNKB12,United Bank
5493005ICQ3QGEIWV618,UNITED MORTGAGE CORP.
549300HCNXMTNGIMAR91,United Nations Federal Credit Union
549300D7GVUYHQEDEE56,UNITED SECURITY FINANCIAL CORP
549300TULDV69V2XKY60,United States Senate Federal Credit Union
549300HW662MN1WU8550,"UNITED WHOLESALE MORTGAGE, LLC"
2549001IK7UDPADKAG34,Unitus Community Credit Union
5493000OIGWIS24A1547,UNIVERSAL LENDING CORPORATION
549300G5ZQEXZC4Y5G44,UNIVERSITY CREDIT UNION
549300TYKYOVQFBZBV90,"UNIVERSITY OF VIRGINIA COMMUNITY CREDIT UNION,INC."
254900CN1DD55MJDFH69,University of Wisconsin Credit Union
54930039IUN6515TBG78,US MORTGAGE CORPORATION
C5654JQHZUHN0772B561,USAA Federal Savings Bank
2549009OWTY7KVB18G12,USAGENCIES
254900NZOY3XB2DNSZ34,USAlliance Federal Credit Union
549300BOLK89ZL7BNX85,UTAH COMMUNITY
549300TTK5T7CZ3UJ084,Utah Power
549300PC4MFWQBNVKG88,"V.I.P. MORTGAGE, INC."
549300XQ7B5FIVUNFE29,VAN DYK MORTGAGE CORPORATION
5493000YNV8IX4VD3X12,"VANDERBILT MORTGAGE AND FINANCE, INC."
549300TA4MQM8WN2XG31,"VELOCITY COMMERCIAL CAPITAL, LLC"
549300UVOSI4XZZGUE14,"VERITAS FUNDING, LLC"
549300XHF3PMRO08N352,VERITY
549300Y7G2MW6V1OR474,"Victorian Finance, LLC"
549300VCMRO4ST680C11,VILLAGE CAPITAL & INVESTMENT LLC
5493006O6Q2F0MR0ZM22,Visio Financial Services Inc.
5493007VDE1SMI6Z0Q04,"VISION ONE MORTGAGE, INC."
254900YA1AQXNM8QVZ06,"WALKER & DUNLOP, LLC"
549300FWQNRPTKXB8G79,"Wallick & Volk, Inc."
2549008CBS11KBKU4Z95,Wasatch Peaks Federal Credit Union
D38AC76TAMYI50NBPX33,"Washington Federal Bank, National Association"
5493000FWM3I2HHQY149,WASHINGTON STATE EMPLOYEES Credit Union
549300P2GEYNMH5OQA71,Washington Trust Bank
2549005Q4HZ55QX7YC64,"Watermark Capital, Inc."
549300GRGZDEH4ZGQS06,Waterstone Mortgage Corporation
549300LVO8UXHRM8O957,Wauna Federal Credit Union
KB1H1DSPRFMYMCUFXT09,"Wells Fargo Bank, National Association"
549300C232ZWY1I57C16,WESCOM CENTRAL CREDIT UNION
549300QLO8TSQW5JTK72,West Gate Bank
5493009ZQ1VZ1HZCL108,West Town Bank & Trust
549300YVM8B4UQC5DK40,WESTCOAST MORTGAGE GROUP AND REALTY COMPANY
549300LTT1PNSPD2JT50,WESTERN EXPRESS LENDING
5493005DYVXTSXZPZF85,WESTSTAR MORTGAGE CORPORATION
549300JBTQ88S1XGQG53,"WESTWOOD MORTGAGE, INC."
5493003Q3L1PO9NBVK64,WHATCOM EDUCATIONAL CREDIT UNION
549300YD9NNO7W7TSI64,Wheatland Bank
549300GS6ONO04ORI292,Willamette Valley Bank
5493005DKMV1IHIM8E20,"Wilmington Savings Fund Society, FSB"
549300HVW3AI97UKTO72,WINGS FINANCIAL
25490099UNYWX2PZ4J91,"WNB Financial, N.A."
5493005XMJQ1GSXUGT67,"Wolfe Financial, Inc"
5493001FKX0BM8GN6P73,Woori America Bank
549300N1YEXP02MHBR47,"WRIGHT-PATT CREDIT UNION, INC."
549300TTPRGSP8DGY569,WRIGHT PATMAN CONGRESSIONAL FEDERAL CREDIT UNION
549300UVXY7S004OQL53,"Wyndham Capital Mortgage, Inc."
549300RMFYMDOOF4BO45,XCEED FINANCIAL
5493005JXQCVNMUHBR38,Yakima Federal Savings and Loan Association
549300WIBPMHJJ84YQ06,York Traditions Bank
549300370QILXLFUWD20,"ZILLOW HOME LOANS, LLC"
8WH0EE09O9V05QJZ3V89,"Zions Bancorporation, N.A."
